metric,absolute_lift,relative_lift_pct
Hit@5,0.318670140181119,0.772840561810207
Precision@5,0.1956631561536268,1.9176399621517521
Recall@5,0.04123401267088013,2.6661191167934133
