metric,Variant A - Popularity,Variant B - Co-occurrence
Hit@5,0.41233619963567275,0.7310063398167918
Precision@5,0.1020333117870971,0.2976964679407239
Recall@5,0.015465930389664276,0.056699943060544405
Avg Hits Count,0.5101665589354853,1.4884505644460986
