segment,variant_a_hit,variant_b_hit,variant_a_precision,variant_b_precision,variant_a_recall,variant_b_recall,recall_lift,hit_lift
At Risk,0.4533148582391814,0.7478149648262631,0.10955629320583488,0.2987402422064541,0.018841131990136012,0.06298272336616387,0.044141591376027856,0.2945001065870817
Champions,0.4261527983317638,0.739203551728777,0.10710429839903135,0.3076605172877708,0.015467186979911838,0.05587842405712214,0.0404112370772103,0.31305075339701327
Hibernating,0.3223631460018952,0.6621473868357752,0.07493257526058751,0.23960930096945843,0.01591213916234835,0.06172591547437538,0.04581377631202703,0.33978424083388004
Loyal Customers,0.42117669852751227,0.7266210281580987,0.10315379316283475,0.29227159218117627,0.01706296477712997,0.062213508718264365,0.045150543941134394,0.30544432963058643
Others,0.343181453696609,0.7125572444270212,0.07865785206436322,0.28039344963381385,0.012856921670786274,0.0561347329261228,0.04327781125533653,0.36937579073041216
Potential Loyalists,0.3344247935263202,0.6961499958288145,0.08211395678651874,0.2614123633936765,0.010534342759053236,0.0433474617671195,0.03281311900806626,0.36172520230249433
