segment,customer_count,avg_recency,avg_frequency,avg_monetary,median_monetary,customer_pct
Champions,1277,19.850430696945967,17.32498042286609,9464.554819890369,4103.12,0.21725076556651923
Loyal Customers,601,86.630615640599,8.327787021630616,2975.617878535774,1916.11,0.1022456617897244
At Risk,582,355.4621993127148,5.826460481099656,2590.8774261168387,1362.44,0.09901326981966656
Potential Loyalists,650,25.4,2.936923076923077,1332.92454,815.245,0.1105818305546104
Others,1409,178.60042583392476,2.029098651525905,806.3375471965934,545.17,0.2397073834637632
Hibernating,1359,464.2958057395143,1.2369389256806476,263.7418035320088,239.46,0.23120108880571624
