segment,customer_count,total_revenue,avg_revenue,revenue_pct
Champions,1277,12086236.505,9464.554819890369,0.6811668919098046
Loyal Customers,601,1788346.345,2975.617878535774,0.10078921763428697
At Risk,582,1507890.662,2590.8774261168387,0.08498304622364806
Others,1409,1136129.604,806.3375471965934,0.06403100508940414
Potential Loyalists,650,866400.951,1332.92454,0.048829397198724506
Hibernating,1359,358425.111,263.7418035320088,0.020200441944131613
